{
    "_ColorR": 1.0,
    "_ColorG": 1.0,
    "_ColorB": 1.0,
    "_RampLevels": 50.0,
    "_LightScalar": 1.0800000429153443,
    "_HighColorR": 1.0,
    "_HighColorG": 1.0,
    "_HighColorB": 1.0,
    "_HighIntensity": 3.009999990463257,
    "_LowColorR": 0.4811320900917053,
    "_LowColorG": 0.4811320900917053,
    "_LowColorB": 0.4811320900917053,
    "_LowIntensity": 2.5799999237060549,
    "_OutlineColorR": 1.0,
    "_OutlineColorG": 0.1259845495223999,
    "_OutlineColorB": 0.0,
    "_OutlineSize": 0.0,
    "_RimColorR": 1.0,
    "_RimColorG": 1.0,
    "_RimColorB": 1.0,
    "_RimAlpha": 0.0,
    "_RimPower": 0.0,
    "_RimDropOff": 0.0,
    "_FresnelColorR": 1.0,
    "_FresnelColorG": 1.0,
    "_FresnelColorB": 1.0,
    "_FresnelBrightness": 0.0,
    "_FresnelPower": 0.6190000176429749,
    "_FresnelShadowDropoff": 0.7749999761581421,
    "_GradYCap": 0.0,
    "_GradIntensity": 0.0
}